<?xml version="1.0" encoding="UTF-8" ?>
<!DOCTYPE mapper PUBLIC "-//mybatis.org//DTD Mapper 3.0//EN" "http://mybatis.org/dtd/mybatis-3-mapper.dtd" >
<mapper namespace="com.lejiyu.payroll.Dao.UserMapper" >
  <resultMap id="BaseResultMap" type="com.lejiyu.payroll.Entity.User" >
    <id column="user_id" property="userId" jdbcType="BIGINT" />
    <result column="password" property="password" jdbcType="VARCHAR" />
    <result column="power" property="power" jdbcType="VARCHAR" />
  </resultMap>
  <sql id="Base_Column_List" >
    user_id, password, power
  </sql>
  <select id="selectByPrimaryKey" resultMap="BaseResultMap" parameterType="java.lang.Long" >
    select 
    <include refid="Base_Column_List" />
    from user_table
    where user_id = #{userId,jdbcType=BIGINT}
  </select>
  <delete id="deleteByPrimaryKey" parameterType="java.lang.Long" >
    delete from user_table
    where user_id = #{userId,jdbcType=BIGINT}
  </delete>
  <insert id="insert" parameterType="com.lejiyu.payroll.Entity.User" >
    insert into user_table (user_id, password, power
      )
    values (#{userId,jdbcType=BIGINT}, #{password,jdbcType=VARCHAR}, #{power,jdbcType=VARCHAR}
      )
  </insert>
  <insert id="insertSelective" parameterType="com.lejiyu.payroll.Entity.User" >
    insert into user_table
    <trim prefix="(" suffix=")" suffixOverrides="," >
      <if test="userId != null" >
        user_id,
      </if>
      <if test="password != null" >
        password,
      </if>
      <if test="power != null" >
        power,
      </if>
    </trim>
    <trim prefix="values (" suffix=")" suffixOverrides="," >
      <if test="userId != null" >
        #{userId,jdbcType=BIGINT},
      </if>
      <if test="password != null" >
        #{password,jdbcType=VARCHAR},
      </if>
      <if test="power != null" >
        #{power,jdbcType=VARCHAR},
      </if>
    </trim>
  </insert>
  <update id="updateByPrimaryKeySelective" parameterType="com.lejiyu.payroll.Entity.User" >
    update user_table
    <set >
      <if test="password != null" >
        password = #{password,jdbcType=VARCHAR},
      </if>
      <if test="power != null" >
        power = #{power,jdbcType=VARCHAR},
      </if>
    </set>
    where user_id = #{userId,jdbcType=BIGINT}
  </update>
  <update id="updateByPrimaryKey" parameterType="com.lejiyu.payroll.Entity.User" >
    update user_table
    set password = #{password,jdbcType=VARCHAR},
      power = #{power,jdbcType=VARCHAR}
    where user_id = #{userId,jdbcType=BIGINT}
  </update>
</mapper>